--
-- PostgreSQL database dump
--

-- Dumped from database version 13.4
-- Dumped by pg_dump version 13.4

SET statement_timeout = 0;
SET lock_timeout = 0;
SET idle_in_transaction_session_timeout = 0;
SET client_encoding = 'UTF8';
SET standard_conforming_strings = on;
SELECT pg_catalog.set_config('search_path', '', false);
SET check_function_bodies = false;
SET xmloption = content;
SET client_min_messages = warning;
SET row_security = off;

SET default_tablespace = '';

SET default_table_access_method = heap;

--
-- Name: category; Type: TABLE; Schema: public; Owner: postgres
--

CREATE TABLE public.category (
    id integer NOT NULL,
    name character varying
);


ALTER TABLE public.category OWNER TO postgres;

--
-- Name: category_id_seq; Type: SEQUENCE; Schema: public; Owner: postgres
--

CREATE SEQUENCE public.category_id_seq
    AS integer
    START WITH 1
    INCREMENT BY 1
    NO MINVALUE
    NO MAXVALUE
    CACHE 1;


ALTER TABLE public.category_id_seq OWNER TO postgres;

--
-- Name: category_id_seq; Type: SEQUENCE OWNED BY; Schema: public; Owner: postgres
--

ALTER SEQUENCE public.category_id_seq OWNED BY public.category.id;


--
-- Name: client; Type: TABLE; Schema: public; Owner: postgres
--

CREATE TABLE public.client (
    id integer NOT NULL,
    name_surname character varying,
    phone character varying
);


ALTER TABLE public.client OWNER TO postgres;

--
-- Name: client_id_seq; Type: SEQUENCE; Schema: public; Owner: postgres
--

CREATE SEQUENCE public.client_id_seq
    AS integer
    START WITH 1
    INCREMENT BY 1
    NO MINVALUE
    NO MAXVALUE
    CACHE 1;


ALTER TABLE public.client_id_seq OWNER TO postgres;

--
-- Name: client_id_seq; Type: SEQUENCE OWNED BY; Schema: public; Owner: postgres
--

ALTER SEQUENCE public.client_id_seq OWNED BY public.client.id;


--
-- Name: good; Type: TABLE; Schema: public; Owner: postgres
--

CREATE TABLE public.good (
    id integer NOT NULL,
    name character varying NOT NULL,
    price double precision,
    amount integer,
    brand character varying,
    manufacturer character varying,
    discount integer DEFAULT 0,
    subcategory_id integer
);


ALTER TABLE public.good OWNER TO postgres;

--
-- Name: good_id_seq; Type: SEQUENCE; Schema: public; Owner: postgres
--

CREATE SEQUENCE public.good_id_seq
    AS integer
    START WITH 1
    INCREMENT BY 1
    NO MINVALUE
    NO MAXVALUE
    CACHE 1;


ALTER TABLE public.good_id_seq OWNER TO postgres;

--
-- Name: good_id_seq; Type: SEQUENCE OWNED BY; Schema: public; Owner: postgres
--

ALTER SEQUENCE public.good_id_seq OWNED BY public.good.id;


--
-- Name: order; Type: TABLE; Schema: public; Owner: postgres
--

CREATE TABLE public."order" (
    id integer NOT NULL,
    date_order date,
    client_id integer,
    status boolean DEFAULT false,
    plan_delivery_date date,
    adress character varying,
    delivery_type character varying
);


ALTER TABLE public."order" OWNER TO postgres;

--
-- Name: order_good; Type: TABLE; Schema: public; Owner: postgres
--

CREATE TABLE public.order_good (
    id integer NOT NULL,
    order_id integer NOT NULL,
    good_id integer NOT NULL,
    amount integer NOT NULL
);


ALTER TABLE public.order_good OWNER TO postgres;

--
-- Name: order_good_id_seq; Type: SEQUENCE; Schema: public; Owner: postgres
--

CREATE SEQUENCE public.order_good_id_seq
    AS integer
    START WITH 1
    INCREMENT BY 1
    NO MINVALUE
    NO MAXVALUE
    CACHE 1;


ALTER TABLE public.order_good_id_seq OWNER TO postgres;

--
-- Name: order_good_id_seq; Type: SEQUENCE OWNED BY; Schema: public; Owner: postgres
--

ALTER SEQUENCE public.order_good_id_seq OWNED BY public.order_good.id;


--
-- Name: order_id_seq; Type: SEQUENCE; Schema: public; Owner: postgres
--

CREATE SEQUENCE public.order_id_seq
    AS integer
    START WITH 1
    INCREMENT BY 1
    NO MINVALUE
    NO MAXVALUE
    CACHE 1;


ALTER TABLE public.order_id_seq OWNER TO postgres;

--
-- Name: order_id_seq; Type: SEQUENCE OWNED BY; Schema: public; Owner: postgres
--

ALTER SEQUENCE public.order_id_seq OWNED BY public."order".id;


--
-- Name: subcategory; Type: TABLE; Schema: public; Owner: postgres
--

CREATE TABLE public.subcategory (
    id integer NOT NULL,
    name character varying,
    category_id integer
);


ALTER TABLE public.subcategory OWNER TO postgres;

--
-- Name: subcategory_id_seq; Type: SEQUENCE; Schema: public; Owner: postgres
--

CREATE SEQUENCE public.subcategory_id_seq
    AS integer
    START WITH 1
    INCREMENT BY 1
    NO MINVALUE
    NO MAXVALUE
    CACHE 1;


ALTER TABLE public.subcategory_id_seq OWNER TO postgres;

--
-- Name: subcategory_id_seq; Type: SEQUENCE OWNED BY; Schema: public; Owner: postgres
--

ALTER SEQUENCE public.subcategory_id_seq OWNED BY public.subcategory.id;


--
-- Name: worker; Type: TABLE; Schema: public; Owner: postgres
--

CREATE TABLE public.worker (
    id integer NOT NULL,
    "position" character varying DEFAULT 'sales manager'::character varying,
    login character varying,
    password character varying
);


ALTER TABLE public.worker OWNER TO postgres;

--
-- Name: worker_id_seq; Type: SEQUENCE; Schema: public; Owner: postgres
--

CREATE SEQUENCE public.worker_id_seq
    AS integer
    START WITH 1
    INCREMENT BY 1
    NO MINVALUE
    NO MAXVALUE
    CACHE 1;


ALTER TABLE public.worker_id_seq OWNER TO postgres;

--
-- Name: worker_id_seq; Type: SEQUENCE OWNED BY; Schema: public; Owner: postgres
--

ALTER SEQUENCE public.worker_id_seq OWNED BY public.worker.id;


--
-- Name: category id; Type: DEFAULT; Schema: public; Owner: postgres
--

ALTER TABLE ONLY public.category ALTER COLUMN id SET DEFAULT nextval('public.category_id_seq'::regclass);


--
-- Name: client id; Type: DEFAULT; Schema: public; Owner: postgres
--

ALTER TABLE ONLY public.client ALTER COLUMN id SET DEFAULT nextval('public.client_id_seq'::regclass);


--
-- Name: good id; Type: DEFAULT; Schema: public; Owner: postgres
--

ALTER TABLE ONLY public.good ALTER COLUMN id SET DEFAULT nextval('public.good_id_seq'::regclass);


--
-- Name: order id; Type: DEFAULT; Schema: public; Owner: postgres
--

ALTER TABLE ONLY public."order" ALTER COLUMN id SET DEFAULT nextval('public.order_id_seq'::regclass);


--
-- Name: order_good id; Type: DEFAULT; Schema: public; Owner: postgres
--

ALTER TABLE ONLY public.order_good ALTER COLUMN id SET DEFAULT nextval('public.order_good_id_seq'::regclass);


--
-- Name: subcategory id; Type: DEFAULT; Schema: public; Owner: postgres
--

ALTER TABLE ONLY public.subcategory ALTER COLUMN id SET DEFAULT nextval('public.subcategory_id_seq'::regclass);


--
-- Name: worker id; Type: DEFAULT; Schema: public; Owner: postgres
--

ALTER TABLE ONLY public.worker ALTER COLUMN id SET DEFAULT nextval('public.worker_id_seq'::regclass);


--
-- Data for Name: category; Type: TABLE DATA; Schema: public; Owner: postgres
--

COPY public.category (id, name) FROM stdin;
1	водні види2
2	ігрові види2
3	фітнес2
4	бойові2
\.


--
-- Data for Name: client; Type: TABLE DATA; Schema: public; Owner: postgres
--

COPY public.client (id, name_surname, phone) FROM stdin;
2	Миван Ікула2	234434643
5	Анастасія Бірка2	089723443
3	Китай Сіменов2	123432534
1	Василь Марковський2	380304298
4	Лях Конецьпольський2	123435346
\.


--
-- Data for Name: good; Type: TABLE DATA; Schema: public; Owner: postgres
--

COPY public.good (id, name, price, amount, brand, manufacturer, discount, subcategory_id) FROM stdin;
4	Перчатки2	30	30	Він	Україна	0	2
8	Шолом шкіряний2	234	123	Industries tk	Італія	0	1
5	шапочка2	22	34	вотер	Росія	0	7
3	Пояс червоний2	10	22	гамелтон	Китай	0	1
6	Весло2	12	23	білмор	Білорусія	0	8
2	Наколінники2	100	300	пупер	Персія	0	12
10	Татамі2	1222	4	MarkI	Англія	0	1
9	Добок2	44	312	Industries tk	Італія	0	1
1	М'яч для футболу2	2000	20	супер	Україна	0	10
7	М'яч для волейболу2	23	213	ккк	Македонія	0	12
\.


--
-- Data for Name: order; Type: TABLE DATA; Schema: public; Owner: postgres
--

COPY public."order" (id, date_order, client_id, status, plan_delivery_date, adress, delivery_type) FROM stdin;
1	2022-01-03	2	f	2022-01-13	Маямі 12	самовивіз
2	2021-03-03	1	f	2022-01-12	Чернігів Молочна 60	кур'єр
3	2022-04-03	3	f	2022-01-04	Неміга 	самовивіз
4	2021-07-06	4	t	2022-01-12	Київ гурт кпі №8	самовивіз
\.


--
-- Data for Name: order_good; Type: TABLE DATA; Schema: public; Owner: postgres
--

COPY public.order_good (id, order_id, good_id, amount) FROM stdin;
1	1	1	1
2	2	1	1
3	3	2	1
4	4	3	3
5	1	4	3
6	1	3	5
7	2	4	4
8	2	7	3
\.


--
-- Data for Name: subcategory; Type: TABLE DATA; Schema: public; Owner: postgres
--

COPY public.subcategory (id, name, category_id) FROM stdin;
8	sup	1
9	дайвінг	1
10	футбол	2
11	баскетбол	2
12	волейбол	2
1	тхеквон-до2	4
3	самбо2	4
6	аеробіка2	3
7	плавання2	1
2	кікбоксинг2	4
5	шейпінг2	3
4	стреччінг2	3
\.


--
-- Data for Name: worker; Type: TABLE DATA; Schema: public; Owner: postgres
--

COPY public.worker (id, "position", login, password) FROM stdin;
\.


--
-- Name: category_id_seq; Type: SEQUENCE SET; Schema: public; Owner: postgres
--

SELECT pg_catalog.setval('public.category_id_seq', 4, true);


--
-- Name: client_id_seq; Type: SEQUENCE SET; Schema: public; Owner: postgres
--

SELECT pg_catalog.setval('public.client_id_seq', 5, true);


--
-- Name: good_id_seq; Type: SEQUENCE SET; Schema: public; Owner: postgres
--

SELECT pg_catalog.setval('public.good_id_seq', 10, true);


--
-- Name: order_good_id_seq; Type: SEQUENCE SET; Schema: public; Owner: postgres
--

SELECT pg_catalog.setval('public.order_good_id_seq', 8, true);


--
-- Name: order_id_seq; Type: SEQUENCE SET; Schema: public; Owner: postgres
--

SELECT pg_catalog.setval('public.order_id_seq', 4, true);


--
-- Name: subcategory_id_seq; Type: SEQUENCE SET; Schema: public; Owner: postgres
--

SELECT pg_catalog.setval('public.subcategory_id_seq', 12, true);


--
-- Name: worker_id_seq; Type: SEQUENCE SET; Schema: public; Owner: postgres
--

SELECT pg_catalog.setval('public.worker_id_seq', 1, false);


--
-- Name: category category_pk; Type: CONSTRAINT; Schema: public; Owner: postgres
--

ALTER TABLE ONLY public.category
    ADD CONSTRAINT category_pk PRIMARY KEY (id);


--
-- Name: client client_pk; Type: CONSTRAINT; Schema: public; Owner: postgres
--

ALTER TABLE ONLY public.client
    ADD CONSTRAINT client_pk PRIMARY KEY (id);


--
-- Name: good good_pk; Type: CONSTRAINT; Schema: public; Owner: postgres
--

ALTER TABLE ONLY public.good
    ADD CONSTRAINT good_pk PRIMARY KEY (id);


--
-- Name: order_good order_good_pk; Type: CONSTRAINT; Schema: public; Owner: postgres
--

ALTER TABLE ONLY public.order_good
    ADD CONSTRAINT order_good_pk PRIMARY KEY (id);


--
-- Name: order order_pk; Type: CONSTRAINT; Schema: public; Owner: postgres
--

ALTER TABLE ONLY public."order"
    ADD CONSTRAINT order_pk PRIMARY KEY (id);


--
-- Name: subcategory subcategory_pk; Type: CONSTRAINT; Schema: public; Owner: postgres
--

ALTER TABLE ONLY public.subcategory
    ADD CONSTRAINT subcategory_pk PRIMARY KEY (id);


--
-- Name: worker worker_pk; Type: CONSTRAINT; Schema: public; Owner: postgres
--

ALTER TABLE ONLY public.worker
    ADD CONSTRAINT worker_pk PRIMARY KEY (id);


--
-- Name: good good_subcategory_id_fk; Type: FK CONSTRAINT; Schema: public; Owner: postgres
--

ALTER TABLE ONLY public.good
    ADD CONSTRAINT good_subcategory_id_fk FOREIGN KEY (subcategory_id) REFERENCES public.subcategory(id);


--
-- Name: order order_client_id_fk; Type: FK CONSTRAINT; Schema: public; Owner: postgres
--

ALTER TABLE ONLY public."order"
    ADD CONSTRAINT order_client_id_fk FOREIGN KEY (client_id) REFERENCES public.client(id);


--
-- Name: order_good order_good_good_id_fk; Type: FK CONSTRAINT; Schema: public; Owner: postgres
--

ALTER TABLE ONLY public.order_good
    ADD CONSTRAINT order_good_good_id_fk FOREIGN KEY (good_id) REFERENCES public.good(id);


--
-- Name: order_good order_good_order_id_fk; Type: FK CONSTRAINT; Schema: public; Owner: postgres
--

ALTER TABLE ONLY public.order_good
    ADD CONSTRAINT order_good_order_id_fk FOREIGN KEY (order_id) REFERENCES public."order"(id);


--
-- Name: subcategory subcategory_category_id_fk; Type: FK CONSTRAINT; Schema: public; Owner: postgres
--

ALTER TABLE ONLY public.subcategory
    ADD CONSTRAINT subcategory_category_id_fk FOREIGN KEY (category_id) REFERENCES public.category(id);


--
-- PostgreSQL database dump complete
--

